shot_id,shot_made_flag
1,0.36
8,0.28
17,0.54
20,0.38
33,0.4
34,0.44
35,0.56
36,0.54
37,0.26
38,0.62
45,0.64
50,0.5
55,0.56
60,0.7
66,0.48
67,0.58
71,0.54
80,0.5
85,0.8
86,0.72
95,0.58
104,0.46
113,0.44
123,0.68
126,0.66
133,0.34
141,0.44
144,0.5
150,0.34
152,0.5
153,0.76
156,0.66
159,0.0
165,0.02
172,0.46
182,0.14
192,0.54
193,0.74
196,0.6
202,0.5
210,0.6
211,0.46
228,0.1
257,0.6
260,0.54
264,0.56
267,0.4
279,0.04
282,0.56
293,0.5
299,0.46
300,0.82
301,0.68
317,0.56
327,0.6
328,0.74
335,0.4
346,0.78
348,0.78
365,0.48
390,0.5
391,0.26
392,0.56
397,0.66
418,0.68
428,0.62
434,0.56
439,0.04
440,0.5
456,0.54
459,0.32
472,0.54
480,0.58
491,0.8
497,0.48
509,0.52
511,0.7
523,0.74
533,0.54
544,0.74
546,0.58
555,0.16
558,0.74
560,0.68
573,0.46
591,0.6
596,0.58
597,0.46
601,0.72
605,0.62
617,0.52
628,0.82
634,0.44
646,0.64
649,0.6
651,0.38
654,0.02
656,0.7
657,0.38
669,0.56
670,0.06
693,0.44
694,0.56
699,0.58
711,0.5
718,0.66
722,0.54
723,0.5
725,0.62
734,0.5
735,0.48
737,0.68
746,0.7
747,0.36
766,0.6
767,0.5
771,0.5
773,0.74
774,0.58
783,0.62
784,0.64
789,0.66
792,0.68
804,0.56
809,0.48
812,0.7
813,0.66
817,0.5
820,0.52
825,0.46
826,0.6
829,0.48
855,0.7
859,0.16
862,0.58
870,0.64
876,0.54
880,0.58
886,0.12
889,0.64
891,0.56
897,0.1
902,0.82
903,0.48
908,0.58
909,0.76
920,0.54
922,0.66
924,0.5
932,0.64
934,0.66
937,0.48
941,0.48
943,0.54
950,0.48
952,0.66
954,0.04
963,0.36
975,0.5
979,0.78
981,0.54
983,0.78
985,0.3
989,0.28
995,0.48
998,0.58
1008,0.68
1019,0.48
1023,0.58
1026,0.66
1029,0.58
1034,0.58
1036,0.74
1038,0.8
1039,0.66
1051,0.42
1052,0.42
1066,0.7
1087,0.48
1092,0.8
1094,0.66
1098,0.44
1099,0.36
1102,0.58
1118,0.54
1131,0.64
1133,0.72
1135,0.04
1138,0.46
1139,0.1
1142,0.68
1151,0.52
1152,0.72
1155,0.56
1165,0.62
1167,0.12
1172,0.36
1174,0.58
1180,0.46
1200,0.64
1202,0.76
1227,0.7
1228,0.3
1229,0.78
1237,0.28
1241,0.32
1256,0.7
1279,0.66
1293,0.72
1295,0.6
1319,0.12
1320,0.72
1321,0.52
1322,0.62
1334,0.68
1351,0.7
1373,0.56
1375,0.7
1380,0.5
1382,0.7
1385,0.4
1399,0.6
1403,0.62
1428,0.72
1434,0.38
1444,0.0
1448,0.44
1466,0.64
1476,0.6
1478,0.62
1485,0.64
1491,0.46
1494,0.62
1500,0.4
1501,0.56
1503,0.46
1519,0.5
1524,0.52
1529,0.52
1533,0.38
1538,0.0
1539,0.44
1546,0.84
1555,0.76
1559,0.56
1563,0.32
1565,0.26
1574,0.72
1591,0.56
1594,0.56
1605,0.68
1611,0.48
1614,0.56
1620,0.54
1626,0.68
1630,0.62
1632,0.54
1634,0.68
1643,0.54
1651,0.58
1655,0.68
1658,0.7
1659,0.54
1665,0.6
1675,0.58
1680,0.1
1690,0.5
1696,0.76
1714,0.56
1721,0.58
1726,0.44
1728,0.6
1734,0.66
1735,0.66
1740,0.3
1744,0.5
1747,0.44
1752,0.68
1763,0.3
1765,0.2
1769,0.6
1785,0.56
1787,0.54
1788,0.9
1793,0.48
1800,0.5
1825,0.64
1826,0.16
1834,0.58
1843,0.72
1844,0.72
1848,0.64
1849,0.4
1860,0.28
1863,0.56
1875,0.74
1883,0.46
1890,0.6
1892,0.64
1893,0.44
1897,0.54
1905,0.46
1908,0.66
1931,0.52
1940,0.0
1943,0.66
1947,0.86
1965,0.58
1967,0.8
1968,0.66
1972,0.02
1982,0.64
1985,0.68
2005,0.4
2010,0.68
2021,0.78
2024,0.5
2036,0.36
2043,0.54
2047,0.7
2049,0.48
2055,0.78
2065,0.48
2066,0.6
2070,0.46
2077,0.04
2085,0.64
2095,0.44
2097,0.24
2108,0.36
2112,0.44
2113,0.68
2122,0.62
2139,0.74
2144,0.66
2146,0.48
2148,0.8
2149,0.44
2157,0.68
2159,0.68
2168,0.58
2176,0.32
2178,0.72
2181,0.68
2187,0.52
2188,0.62
2190,0.7
2194,0.54
2197,0.42
2214,0.76
2217,0.84
2222,0.56
2223,0.36
2226,0.7
2230,0.58
2240,0.72
2247,0.74
2250,0.44
2259,0.7
2262,0.66
2266,0.74
2305,0.56
2310,0.56
2313,0.24
2319,0.68
2320,0.58
2345,0.5
2350,0.84
2356,0.6
2360,0.52
2370,0.64
2386,0.5
2398,0.38
2414,0.54
2435,0.4
2439,0.9
2446,0.22
2458,0.66
2465,0.82
2466,0.6
2470,0.68
2495,0.28
2501,0.66
2507,0.56
2533,0.9
2537,0.64
2538,0.72
2541,0.46
2542,0.52
2544,0.38
2554,0.52
2555,0.68
2565,0.5
2575,0.44
2586,0.46
2588,0.2
2594,0.38
2617,0.4
2618,0.36
2623,0.1
2631,0.14
2640,0.68
2642,0.4
2647,0.78
2663,0.54
2664,0.52
2676,0.3
2680,0.14
2681,0.62
2691,0.48
2693,0.56
2695,0.28
2704,0.6
2708,0.78
2709,0.1
2717,0.56
2722,0.66
2728,0.3
2732,0.28
2743,0.52
2752,0.46
2757,0.5
2761,0.54
2769,0.76
2771,0.32
2774,0.72
2776,0.66
2781,0.54
2793,0.78
2799,0.76
2803,0.58
2811,0.24
2818,0.7
2824,0.32
2828,0.44
2829,0.54
2830,0.54
2842,0.44
2847,0.08
2848,0.78
2868,0.38
2870,0.56
2885,0.58
2886,0.76
2889,0.4
2903,0.66
2904,0.34
2918,0.76
2919,0.64
2922,0.64
2923,0.44
2931,0.64
2945,0.66
2955,0.66
2957,0.5
2960,0.56
2963,0.36
2966,0.12
2972,0.48
2974,0.46
2982,0.7
2984,0.5
3016,0.44
3021,0.76
3023,0.38
3025,0.5
3029,0.6
3034,0.68
3038,0.38
3040,0.48
3051,0.38
3062,0.6
3069,0.54
3071,0.38
3076,0.24
3079,0.44
3081,0.58
3082,0.72
3084,0.66
3098,0.78
3104,0.64
3105,0.48
3114,0.68
3118,0.78
3122,0.46
3132,0.7
3138,0.56
3141,0.18666666666666665
3156,0.62
3162,0.14
3167,0.62
3170,0.64
3171,0.68
3172,0.54
3176,0.16
3180,0.46
3189,0.34
3198,0.8
3206,0.7
3215,0.74
3222,0.34
3228,0.78
3229,0.54
3232,0.46
3233,0.82
3238,0.56
3256,0.24
3264,0.66
3273,0.6
3275,0.58
3285,0.5
3289,0.76
3294,0.78
3306,0.28
3311,0.16
3318,0.58
3322,0.78
3324,0.66
3334,0.5
3341,0.52
3345,0.6
3346,0.06
3352,0.74
3368,0.56
3371,0.68
3372,0.56
3375,0.48
3384,0.68
3387,0.74
3393,0.66
3406,0.54
3411,0.66
3412,0.74
3414,0.64
3417,0.62
3420,0.5
3423,0.24
3436,0.38
3438,0.2
3442,0.78
3443,0.74
3451,0.52
3461,0.64
3489,0.56
3491,0.86
3510,0.6
3515,0.56
3527,0.64
3530,0.42
3540,0.7
3582,0.82
3604,0.8
3605,0.58
3609,0.66
3624,0.74
3628,0.22
3630,0.54
3641,0.78
3642,0.62
3648,0.6
3650,0.0
3652,0.1
3660,0.64
3664,0.54
3670,0.66
3672,0.62
3680,0.36
3682,0.02
3685,0.82
3686,0.76
3689,0.58
3705,0.66
3712,0.72
3713,0.76
3719,0.46
3721,0.7
3723,0.48
3724,0.4
3727,0.7
3733,0.7
3734,0.6
3742,0.42
3770,0.6
3777,0.84
3778,0.66
3780,0.4
3783,0.4
3784,0.52
3788,0.34
3790,0.34
3794,0.74
3795,0.48
3796,0.56
3801,0.66
3806,0.42
3813,0.44
3814,0.54
3818,0.8
3824,0.44
3836,0.54
3853,0.3
3855,0.66
3858,0.22666666666666668
3861,0.52
3866,0.6
3870,0.56
3874,0.04
3876,0.58
3878,0.7
3890,0.4
3900,0.02
3904,0.56
3906,0.56
3907,0.64
3908,0.44
3912,0.54
3918,0.0
3923,0.02
3924,0.52
3925,0.24
3927,0.58
3955,0.0
3964,0.5
3969,0.52
3974,0.5
3976,0.18
3984,0.58
3991,0.52
3993,0.04
4009,0.42
4011,0.34
4020,0.68
4033,0.56
4041,0.56
4045,0.0
4052,0.8
4055,0.5
4056,0.5
4057,0.52
4067,0.0
4069,0.64
4077,0.68
4094,0.76
4095,0.68
4100,0.58
4119,0.68
4130,0.7
4131,0.56
4132,0.76
4134,0.66
4137,0.06
4138,0.62
4143,0.82
4145,0.62
4148,0.88
4163,0.9
4166,0.6
4169,0.32
4170,0.56
4174,0.4
4180,0.74
4199,0.02
4201,0.52
4203,0.66
4210,1.0
4211,0.62
4213,0.02
4225,0.6
4235,0.52
4242,0.68
4245,0.56
4250,0.48
4252,0.64
4254,0.78
4263,0.36
4264,0.74
4268,0.9
4270,0.66
4282,0.48
4283,0.48
4291,0.56
4304,0.6
4306,0.54
4309,0.6
4310,0.5
4313,0.42
4314,0.7
4315,0.62
4321,0.64
4324,0.7
4325,0.68
4328,0.7
4329,0.74
4332,0.5
4337,0.74
4342,0.52
4344,0.66
4352,0.56
4355,0.68
4366,0.64
4371,0.42
4372,0.5
4376,0.48
4384,0.74
4387,0.46
4389,0.5
4390,0.56
4406,0.74
4407,0.3
4409,0.0
4410,0.3
4424,0.54
4434,0.66
4452,0.74
4460,0.46
4470,0.72
4480,0.64
4496,0.08
4503,0.6
4512,0.56
4518,0.08
4519,0.66
4522,0.74
4525,0.74
4537,0.68
4546,0.4
4547,0.02
4553,0.58
4556,0.36
4558,0.68
4563,0.66
4568,0.56
4574,0.36
4578,0.46
4587,0.52
4592,0.62
4610,0.64
4615,0.74
4619,0.6
4620,0.76
4625,0.76
4635,0.54
4636,0.24
4641,0.6
4650,0.56
4653,0.08
4665,0.5
4668,0.04
4669,0.72
4670,0.76
4674,0.52
4675,0.26
4676,0.76
4679,0.74
4680,0.0
4686,0.6
4699,0.4
4713,0.48
4718,0.5
4721,0.6
4722,0.56
4724,0.74
4730,0.1
4731,0.7
4735,0.52
4743,0.7
4745,0.56
4746,0.66
4747,0.46
4748,0.72
4769,0.58
4771,0.48
4774,0.5
4784,0.64
4797,0.46
4801,0.68
4804,0.62
4820,0.82
4833,0.5
4834,0.48
4851,0.66
4859,0.66
4860,0.0
4863,0.64
4873,0.54
4881,0.54
4892,0.58
4908,0.56
4911,0.82
4915,0.74
4922,0.72
4929,0.74
4936,0.82
4939,0.38
4951,0.76
4956,0.54
4961,0.54
4964,0.76
4981,0.58
4991,0.08
4992,0.48
4997,0.52
5004,0.42
5010,0.64
5012,0.46
5015,0.82
5020,0.44
5030,0.7
5051,0.08
5052,0.56
5057,0.34
5058,0.6
5060,0.6
5061,0.58
5064,0.38
5078,0.32
5080,0.6
5088,0.2
5089,0.56
5090,0.54
5103,0.08
5108,0.66
5114,0.58
5115,0.76
5124,0.62
5137,0.22
5139,0.7
5144,0.68
5149,0.32
5157,0.6
5163,0.62
5174,0.66
5176,0.56
5179,0.7
5186,0.66
5203,0.56
5204,0.26
5206,0.62
5207,0.68
5220,0.48
5221,0.37
5224,0.72
5227,0.56
5229,0.58
5232,0.02
5240,0.28
5242,0.42
5243,0.48
5245,0.52
5248,0.24
5249,0.6
5254,0.76
5269,0.76
5272,0.7
5276,0.64
5286,0.78
5290,0.66
5308,0.6
5316,0.74
5318,0.44
5319,0.74
5320,0.5
5322,0.92
5324,0.72
5331,0.42
5336,0.34
5344,0.86
5354,0.64
5356,1.0
5358,0.56
5361,0.52
5365,0.76
5370,0.68
5376,0.68
5383,0.56
5384,0.58
5385,0.64
5393,0.36
5397,0.68
5398,0.7
5402,0.7
5407,0.52
5409,0.7
5425,0.54
5428,0.68
5430,0.66
5442,0.64
5447,0.4
5470,0.62
5485,0.5
5493,0.6
5502,0.54
5504,0.4
5517,0.58
5522,0.56
5527,0.06
5528,0.66
5536,0.64
5545,0.5
5576,0.54
5577,0.5
5592,0.7
5594,0.7
5595,0.72
5596,0.68
5599,0.5
5606,0.7
5617,0.54
5625,0.54
5626,0.34
5627,0.28
5642,0.36
5659,0.02
5664,0.12
5666,0.82
5671,0.36
5674,0.7
5677,0.6
5681,0.48
5683,1.0
5700,0.58
5713,0.275
5715,0.255
5718,0.68
5726,0.58
5738,0.72
5741,0.74
5743,0.7
5753,0.8
5761,0.42
5789,0.58
5797,0.52
5803,0.46
5810,0.58
5813,0.4
5817,0.64
5818,0.56
5822,0.62
5829,0.66
5846,0.72
5847,0.7
5854,0.72
5858,0.4
5863,0.6
5869,0.68
5870,0.52
5876,0.64
5881,0.54
5901,0.64
5922,0.6
5928,0.52
5933,0.26
5934,0.66
5946,0.62
5951,0.48
5955,0.8
5956,0.3
5965,0.74
5972,0.56
5981,0.54
5997,0.32
6005,0.72
6009,0.7
6010,0.6
6015,0.72
6039,0.48
6047,0.36
6051,1.0
6056,0.58
6061,0.64
6064,0.64
6065,0.46
6070,0.7
6085,0.42
6086,0.76
6091,0.48
6097,0.54
6099,0.92
6104,0.88
6108,0.44
6109,0.22
6124,0.48
6142,0.28
6144,0.6
6150,0.72
6154,0.84
6155,0.54
6156,0.0
6158,0.54
6159,0.0
6169,0.38
6170,0.98
6179,0.52
6184,0.54
6186,0.12
6204,0.86
6230,0.46
6231,0.66
6232,0.04
6235,0.52
6237,0.18
6239,0.58
6263,0.58
6265,0.68
6270,0.56
6271,0.84
6278,0.56
6279,0.44
6288,0.96
6294,0.5
6295,0.7
6302,0.54
6306,0.66
6322,0.32
6324,0.54
6327,0.56
6331,0.76
6334,0.44
6338,0.34
6339,0.36
6362,0.62
6372,0.62
6375,0.48
6393,0.68
6394,0.46
6405,0.0
6406,0.42
6416,0.78
6421,0.12
6422,0.68
6440,0.2
6457,0.62
6460,0.54
6463,0.3
6474,0.8
6476,0.58
6477,0.46
6482,0.24
6488,0.56
6489,0.54
6494,0.54
6499,0.68
6507,0.76
6524,0.58
6527,0.36
6531,0.86
6536,0.32
6538,0.94
6542,0.68
6565,0.74
6584,0.52
6588,0.52
6597,0.54
6603,0.54
6609,0.47
6613,0.68
6622,0.56
6630,0.64
6637,0.52
6639,0.3
6640,0.62
6646,0.6
6647,0.24
6648,0.0
6669,0.66
6680,0.68
6681,0.82
6684,0.82
6693,0.68
6694,0.72
6704,0.7
6706,0.66
6710,0.7
6713,0.5
6718,0.44
6732,0.42
6737,0.42
6739,0.76
6742,0.74
6746,0.8
6753,0.78
6771,0.42
6784,0.64
6790,0.72
6795,0.5
6807,0.64
6808,0.46
6818,0.5
6823,0.62
6830,0.38
6831,0.58
6832,0.82
6836,0.6
6846,0.66
6850,0.66
6854,0.64
6868,0.7
6876,0.58
6877,0.42
6881,0.76
6882,0.58
6884,0.82
6886,0.86
6901,0.66
6910,0.38
6913,0.5
6914,0.42
6918,0.54
6930,0.6
6941,0.44
6944,0.52
6945,0.42
6947,0.28
6949,0.7
6952,0.64
6963,0.86
6964,0.34
6972,0.68
6979,0.42
6981,0.82
6988,0.48
6990,0.64
6998,0.5
7004,0.76
7016,0.52
7027,0.7
7042,0.38
7056,0.6
7061,0.68
7069,0.46
7071,0.4
7088,0.64
7099,0.52
7108,0.62
7121,0.64
7125,0.62
7136,0.78
7149,0.54
7150,0.34
7151,0.48
7167,0.42
7177,0.12
7178,0.8
7183,0.9
7186,0.52
7190,0.84
7201,0.6
7202,0.72
7207,0.62
7213,0.68
7224,0.8
7225,0.42
7233,0.58
7239,0.64
7246,0.68
7248,0.72
7261,0.12
7264,0.68
7266,0.76
7274,0.78
7279,0.7
7293,0.62
7315,0.54
7322,0.8
7326,0.7
7341,0.58
7363,0.66
7365,0.54
7371,0.44
7377,0.62
7393,0.66
7405,0.38
7410,0.64
7434,0.64
7438,0.32
7447,0.58
7450,0.46
7452,0.7
7453,0.68
7455,0.64
7456,0.64
7457,0.02
7466,0.38
7470,0.74
7474,0.62
7487,0.7
7488,0.5
7492,0.44
7496,0.72
7501,0.46
7505,0.3
7512,0.78
7526,0.5
7536,0.48
7538,0.28
7539,0.7
7544,0.62
7554,0.44
7564,0.44
7566,0.68
7580,0.8
7581,0.6
7584,0.66
7587,0.78
7589,0.6
7590,0.52
7594,0.64
7597,0.58
7602,0.04
7603,0.4
7605,0.4
7609,0.48
7613,0.76
7619,0.4
7625,0.54
7626,0.84
7636,0.14
7639,0.28
7641,0.56
7643,0.1
7644,0.62
7657,0.52
7661,0.48
7666,0.6
7673,0.44
7683,0.48
7685,0.74
7699,0.38
7704,0.5
7705,0.68
7708,0.52
7728,0.64
7733,0.54
7741,0.38
7743,0.66
7745,0.66
7754,0.44
7756,0.72
7757,0.36
7770,0.32
7773,0.06
7774,0.6
7776,0.42
7777,0.68
7778,0.58
7781,0.32
7784,0.62
7789,0.66
7794,0.62
7799,0.56
7801,0.62
7818,0.8
7823,0.74
7828,0.6
7832,0.6
7839,0.84
7851,0.62
7856,0.76
7868,0.56
7869,0.76
7872,0.84
7874,0.78
7878,0.44
7888,0.7
7913,0.8
7923,0.74
7925,0.78
7926,0.72
7938,0.8
7942,0.58
7945,0.82
7954,0.36
7963,0.74
7969,0.52
7970,0.42
7977,0.36
7981,0.52
7990,0.56
8020,0.52
8023,0.58
8025,0.68
8034,0.4
8039,0.46
8046,0.62
8051,0.46
8055,0.46
8060,0.68
8063,0.62
8073,0.0
8074,0.58
8076,0.52
8080,0.7
8088,0.46
8102,0.64
8103,0.64
8104,0.64
8105,0.78
8109,0.48
8115,0.7
8121,0.84
8126,0.68
8135,0.44
8153,0.54
8156,0.7
8160,0.54
8161,0.62
8162,0.62
8171,0.64
8181,0.68
8183,0.6
8185,0.72
8191,0.2
8203,0.7
8204,0.5
8207,0.46
8208,0.5
8209,0.46
8210,0.56
8225,0.42
8226,0.74
8231,0.7
8233,0.84
8244,0.56
8250,0.5
8261,0.12
8265,0.62
8278,0.58
8279,0.7
8280,0.74
8296,0.76
8299,0.5
8300,0.78
8301,0.64
8305,0.38
8327,0.54
8334,0.46
8349,0.64
8355,0.7
8361,0.6
8362,0.76
8364,0.78
8365,0.7
8375,0.62
8378,0.66
8380,0.56
8381,0.7
8387,0.72
8399,0.62
8402,0.16
8409,0.6
8433,0.21
8436,0.7
8442,0.7
8448,0.56
8464,0.52
8469,0.54
8474,0.48
8478,0.44
8482,0.54
8490,0.74
8510,0.46
8511,0.78
8527,0.54
8532,0.84
8533,0.38
8538,0.58
8541,0.76
8545,0.6
8553,0.62
8554,0.52
8555,0.6
8569,0.68
8586,0.44
8593,0.56
8600,0.0
8606,0.6
8607,0.66
8611,0.4
8613,0.62
8618,0.59
8630,0.6
8637,0.62
8650,0.72
8652,0.68
8661,0.78
8669,0.58
8673,0.72
8674,0.6
8678,0.86
8682,0.62
8688,0.46
8689,0.4
8695,0.62
8698,0.64
8703,0.54
8709,0.76
8716,0.62
8723,0.74
8737,0.7
8753,0.72
8773,0.46
8774,0.62
8778,0.38799999999999996
8786,0.58
8794,0.4133333333333333
8795,0.52
8800,0.62
8804,0.64
8808,0.48
8809,0.36
8817,0.82
8818,0.64
8825,0.62
8830,0.46
8833,0.54
8834,0.62
8836,0.64
8837,0.6
8844,0.62
8851,0.72
8861,0.18
8864,0.58
8865,0.6
8869,0.56
8873,0.7
8880,0.56
8884,0.38
8888,0.4
8889,0.38
8891,0.14
8893,0.48
8897,0.66
8905,0.56
8910,0.68
8918,0.2
8939,0.62
8940,0.46
8941,0.52
8944,0.64
8949,0.58
8950,0.88
8958,0.46
8967,0.48
8975,0.8
8979,0.46
8980,0.7
8991,0.72
8995,0.68
8996,0.68
8998,0.24
9000,0.6
9001,0.42
9002,0.56
9024,0.6
9026,0.62
9027,0.68
9034,0.3
9038,0.28
9050,0.56
9052,0.36
9054,0.56
9078,0.32
9097,0.42
9109,0.76
9112,0.4
9115,0.46
9125,0.78
9132,0.52
9136,0.72
9139,0.54
9140,0.54
9142,0.64
9143,0.4
9147,0.5
9159,0.62
9165,0.46
9172,0.64
9177,0.62
9179,0.38
9185,0.5
9196,0.0
9201,0.5
9209,0.8
9210,0.4
9212,0.58
9214,0.4
9240,0.1
9241,0.48
9244,0.54
9249,0.66
9250,0.58
9255,0.68
9258,0.48
9263,0.74
9266,0.56
9269,0.66
9272,0.6
9276,0.72
9290,0.6
9299,0.66
9303,0.7
9310,0.92
9311,0.6
9314,0.56
9315,0.32
9325,0.5
9328,0.7
9329,0.48
9332,0.2
9337,0.54
9353,0.68
9355,0.74
9356,0.44
9362,0.66
9364,0.8
9366,0.74
9387,0.22
9388,0.3
9396,0.16
9400,0.58
9406,0.58
9411,0.42
9416,0.64
9417,0.3
9423,0.62
9425,0.68
9426,0.54
9427,0.58
9429,0.48
9430,0.7
9434,0.56
9442,0.6
9458,0.72
9476,0.6
9481,0.58
9483,0.48
9484,0.64
9487,0.42
9488,0.56
9490,0.64
9502,0.04
9505,0.68
9509,0.46
9515,0.32
9516,0.56
9532,0.54
9539,0.44
9542,0.58
9549,0.66
9550,0.6
9553,0.42
9554,0.56
9561,0.52
9566,0.64
9571,0.62
9577,0.68
9584,0.52
9592,0.34
9596,0.455
9602,0.86
9603,0.66
9604,0.58
9608,0.62
9609,0.58
9613,0.46
9623,0.6
9630,0.4
9633,0.56
9648,0.56
9665,0.24
9668,0.64
9678,0.52
9679,0.5
9693,0.7
9718,0.7
9720,0.46
9744,0.6
9745,0.56
9746,0.4
9753,0.72
9758,0.46
9759,0.68
9763,0.34
9766,0.54
9767,0.66
9777,0.72
9781,0.66
9789,0.74
9790,0.56
9799,0.54
9802,0.82
9805,0.46
9807,0.62
9812,0.48
9818,0.72
9820,0.22
9822,0.42
9824,0.58
9834,0.62
9836,0.64
9847,0.42
9864,0.1
9869,0.52
9875,0.48
9880,0.62
9889,0.7
9894,0.82
9909,0.08
9915,0.56
9919,0.7
9920,0.24
9940,0.48
9946,0.46
9958,0.72
9959,0.48
9973,0.34
9976,0.72
9978,0.56
9982,0.64
9987,0.8
9988,0.62
9992,0.54
10000,1.0
10002,0.68
10005,0.6
10008,0.64
10009,0.46
10011,0.54
10021,0.52
10022,0.42
10053,0.52
10074,0.58
10076,0.7
10090,0.4
10092,0.68
10099,0.44
10102,0.5
10103,0.6
10106,0.26
10108,0.08
10113,0.28
10119,0.7
10122,0.68
10125,0.46
10140,0.6
10155,0.84
10159,0.82
10164,0.42
10175,0.74
10176,0.48
10178,0.62
10186,0.52
10200,0.4
10204,0.22
10206,0.26
10211,0.6
10212,0.6
10217,0.46
10220,0.24
10230,0.2
10234,0.5
10235,0.42
10239,0.66
10240,0.64
10242,0.6
10245,0.8
10246,0.22
10247,0.38
10250,0.46
10254,0.24
10257,0.32
10260,0.56
10261,0.18
10265,0.64
10273,0.66
10274,0.82
10277,0.58
10289,0.02
10290,0.84
10298,0.44
10301,0.7
10304,0.48
10305,0.46
10313,0.58
10320,0.64
10323,0.62
10328,0.56
10332,0.04
10336,0.26
10343,0.34
10348,0.62
10350,0.64
10351,0.64
10354,0.62
10372,0.7
10373,0.28
10380,0.7
10383,0.54
10396,0.32
10397,0.34
10399,0.54
10400,0.4
10401,0.44
10402,0.66
10403,0.4
10410,0.08
10412,0.6
10415,0.56
10424,0.58
10428,0.5
10432,0.72
10462,0.14
10477,0.68
10482,0.76
10484,0.46
10493,0.72
10495,0.38
10497,0.58
10516,0.54
10521,0.78
10522,0.5
10523,0.56
10528,0.64
10530,0.82
10532,0.68
10533,0.44
10543,0.12
10547,0.62
10552,0.62
10558,0.74
10571,0.72
10572,0.76
10574,0.48
10583,0.3
10600,0.4
10607,0.5
10608,0.66
10614,0.68
10630,0.64
10634,0.6
10635,0.76
10641,0.22
10643,0.38
10644,0.08
10648,0.44
10669,0.62
10675,0.56
10686,0.64
10704,0.7
10707,0.34
10722,0.6
10736,0.62
10764,0.54
10767,0.56
10776,0.44
10779,0.54
10781,0.58
10792,0.44
10797,0.68
10798,0.72
10801,0.64
10802,0.66
10805,0.6
10808,0.64
10810,0.02
10816,0.56
10817,0.56
10829,0.28
10843,0.42
10858,0.54
10866,0.6
10876,0.52
10887,0.66
10891,0.76
10896,0.78
10900,0.44
10905,0.52
10907,0.72
10917,0.84
10936,0.28
10947,0.72
10948,0.82
10951,0.62
10955,0.9
10969,0.72
10984,0.3
10987,0.56
10990,0.76
10992,0.2
10996,0.52
10997,0.48
10999,0.66
11000,0.04
11001,0.58
11010,0.14
11016,0.4
11018,0.56
11034,0.56
11039,0.26
11041,0.78
11047,0.5
11053,0.72
11055,0.68
11056,0.5
11065,0.28
11068,0.38
11070,0.42
11071,0.46
11072,0.6
11079,0.52
11091,0.56
11094,0.28
11112,0.24
11113,0.08
11128,0.6
11153,0.78
11154,0.94
11163,0.62
11179,0.42
11181,0.62
11206,0.6
11216,0.66
11221,0.32
11223,0.54
11228,0.46
11235,0.5
11237,0.78
11244,0.72
11256,0.42
11267,0.58
11272,0.7
11281,0.72
11285,0.5
11288,0.86
11291,0.46
11293,0.62
11297,0.52
11298,0.46
11299,0.48
11301,0.62
11309,0.48
11331,0.48
11332,0.44
11337,0.48
11343,0.08
11347,0.68
11348,0.46
11355,0.04
11368,0.42
11369,0.52
11371,0.72
11378,0.72
11384,0.54
11387,0.3
11393,0.76
11399,0.36
11412,0.5
11431,0.72
11432,0.68
11444,0.04
11450,0.02
11451,0.42
11476,0.62
11488,0.5
11495,0.62
11505,0.56
11508,0.0
11518,0.26
11522,0.86
11524,0.18
11533,0.08
11549,0.48
11551,0.16
11560,0.6
11563,0.4
11565,0.6
11567,0.64
11569,0.84
11598,0.5
11604,0.7
11611,0.68
11617,0.34
11626,0.74
11642,0.78
11643,0.56
11648,0.74
11651,0.6
11663,0.72
11666,0.36
11685,0.42
11686,0.42
11698,0.68
11708,0.8
11711,0.68
11718,0.62
11742,0.74
11761,0.7
11767,0.54
11768,0.78
11775,0.56
11779,0.26
11786,0.12
11790,0.48
11791,0.5
11796,0.98
11806,0.58
11810,0.5
11811,0.5
11814,0.0
11816,0.38
11820,0.58
11822,0.32
11829,0.56
11832,0.58
11834,0.22
11836,0.82
11837,0.56
11844,0.26
11847,0.5
11864,0.24
11865,0.64
11872,0.7
11873,0.84
11886,0.56
11894,0.78
11905,0.78
11906,0.84
11907,0.58
11912,0.4
11914,0.36
11918,0.58
11924,0.7
11929,0.02
11930,0.82
11936,0.68
11937,0.58
11954,0.2
11957,0.56
11964,0.7
11968,0.88
11972,0.34
11976,0.5
11979,0.78
11981,0.4
11983,0.38
11989,0.56
11991,0.46
11998,0.52
12003,0.36
12007,0.36
12011,0.5
12014,0.74
12024,0.86
12033,0.5
12034,0.52
12041,0.7
12046,0.42
12056,0.64
12064,0.74
12069,0.54
12070,0.82
12071,0.42
12072,0.52
12078,0.62
12091,0.56
12092,0.64
12094,0.58
12098,0.62
12103,0.52
12115,0.28
12118,0.54
12122,0.5
12125,0.02
12133,0.4
12137,0.22
12141,0.3
12143,0.6
12144,0.22
12154,0.26
12163,0.48
12170,0.68
12193,0.76
12196,0.6
12206,0.3
12209,0.62
12214,0.86
12228,0.7
12233,0.56
12238,0.5
12242,0.54
12245,0.52
12247,0.56
12251,0.7
12287,0.72
12292,0.44
12304,0.76
12317,0.16
12320,0.36
12323,0.48
12328,0.56
12333,0.66
12334,0.56
12335,0.68
12352,0.1
12358,0.7
12364,0.62
12376,0.6
12396,0.62
12402,0.08
12406,0.54
12408,0.76
12410,0.0
12413,0.44
12417,0.66
12424,0.62
12425,0.66
12426,0.52
12430,0.52
12432,0.6
12433,0.68
12451,0.7
12457,0.64
12465,0.2
12468,0.7
12474,0.42
12475,0.14
12486,0.54
12487,0.6
12514,0.56
12524,0.08
12526,0.68
12530,0.48
12532,0.84
12593,0.56
12599,0.5
12600,0.58
12603,0.74
12624,0.02
12630,0.5
12638,0.5
12641,0.28
12643,0.12
12656,0.62
12666,0.68
12673,0.02
12675,0.56
12678,0.48
12692,0.98
12693,0.02
12707,0.56
12711,0.64
12716,0.4
12717,0.4333333333333333
12723,0.56
12738,0.78
12742,0.68
12746,0.64
12753,0.58
12758,0.7
12760,0.8
12763,0.62
12764,0.32
12768,0.48
12776,0.68
12777,0.68
12783,0.02
12804,0.84
12824,0.48
12839,0.5
12847,0.48
12850,0.02
12867,0.5
12883,0.7
12887,0.6
12890,0.76
12903,0.4
12906,0.68
12907,0.84
12909,0.54
12912,0.66
12915,0.74
12930,0.08
12931,0.64
12934,0.64
12951,0.62
12955,0.4
12973,0.46
12988,0.68
12999,0.52
13015,0.88
13026,0.44
13036,0.58
13039,0.62
13040,0.58
13041,0.38
13043,0.02
13057,0.68
13064,0.74
13068,0.26
13069,0.5
13073,0.54
13079,0.24
13086,0.7
13089,0.42
13093,0.68
13097,0.55
13098,0.46
13105,0.64
13107,0.54
13108,0.18
13110,0.56
13112,0.78
13114,0.52
13118,0.48
13127,0.82
13129,0.68
13142,0.02
13146,0.58
13149,0.76
13157,0.48
13158,0.62
13159,0.68
13161,0.68
13162,0.58
13166,0.56
13168,0.5
13170,0.0
13186,0.64
13191,0.46
13203,0.64
13209,0.82
13212,0.64
13213,0.56
13222,0.56
13229,0.48
13234,0.32
13257,0.02
13258,0.78
13268,0.7
13270,0.6
13291,0.76
13292,0.42
13299,0.68
13307,0.02
13309,0.7
13311,0.34
13312,0.42
13322,0.56
13324,0.18
13330,0.84
13338,0.48
13344,0.56
13348,0.82
13355,0.46
13365,0.06
13368,0.46
13370,0.42
13372,0.68
13377,0.4
13385,0.58
13389,0.64
13393,0.26
13395,0.42
13404,0.42
13411,0.7
13416,0.5
13434,0.46
13435,0.44
13445,0.46
13446,0.78
13451,0.26
13462,0.64
13464,0.56
13466,0.68
13471,0.46
13472,0.46
13477,0.32
13481,0.64
13484,0.5
13490,0.52
13492,0.76
13500,0.62
13508,0.56
13516,0.44
13525,0.64
13526,0.68
13530,0.5
13532,0.68
13538,0.62
13546,0.5
13548,0.62
13550,0.14
13551,0.18
13564,0.54
13566,0.36
13570,0.62
13580,0.64
13585,0.72
13588,0.86
13592,0.56
13594,0.46
13609,0.54
13610,0.44
13613,0.64
13625,0.78
13626,0.22
13639,0.34
13645,0.2
13647,0.58
13648,0.78
13652,0.52
13654,0.24
13664,0.36
13673,0.42
13684,0.6
13690,0.66
13693,0.42
13696,0.42
13700,0.2
13701,0.6
13707,0.46
13713,0.72
13714,0.62
13716,0.68
13720,0.66
13727,0.46
13733,0.82
13738,0.62
13757,0.48
13759,0.6
13761,0.18
13767,0.46
13782,0.54
13786,0.66
13787,0.54
13792,0.6
13795,0.44
13798,0.62
13807,0.9
13809,0.38
13811,0.52
13815,0.6
13817,0.48
13818,0.8
13822,0.54
13824,0.4
13829,0.44
13832,0.1
13840,0.62
13841,0.54
13868,0.54
13871,0.3
13880,0.54
13888,0.8
13890,0.7
13891,0.54
13895,0.42
13907,0.42
13910,0.46
13912,0.68
13913,0.58
13923,0.62
13929,0.5
13936,0.6
13946,0.54
13950,0.28
13951,0.56
13954,0.5
13958,0.62
13969,0.68
13980,0.84
13981,0.3
13986,0.58
13987,0.48
13989,0.64
13992,0.58
13994,0.32
14001,0.56
14002,0.5
14004,0.58
14006,0.5
14012,0.3
14021,0.5
14024,0.46
14045,0.66
14047,0.04
14057,0.32
14059,0.72
14060,0.42
14068,0.74
14070,0.76
14074,0.72
14076,0.58
14089,0.64
14115,0.54
14116,0.58
14128,0.6
14131,0.52
14134,0.52
14137,0.44
14138,0.74
14139,0.5
14152,0.54
14153,0.1
14155,0.54
14156,0.32
14164,0.38
14165,0.24
14171,0.5
14174,0.56
14181,0.3
14186,0.08
14192,0.54
14201,0.68
14210,0.34
14214,0.78
14231,0.46
14236,0.3
14241,0.32
14245,0.74
14249,0.64
14251,0.72
14262,0.54
14265,0.8
14267,0.58
14270,0.0
14276,0.48
14279,0.9
14281,0.68
14289,0.4
14290,0.7
14293,0.66
14295,0.62
14297,0.6
14298,0.56
14310,0.72
14312,0.48
14315,0.48
14318,0.7
14319,0.6
14325,0.48
14331,0.8
14334,0.66
14341,0.68
14343,0.14
14344,0.6
14346,0.5
14347,0.58
14349,0.42
14352,0.44
14358,0.76
14361,0.34
14363,0.58
14374,0.5
14376,0.24
14381,0.46
14398,0.5
14410,0.58
14412,0.36
14415,0.22
14423,0.64
14425,0.56
14436,0.6
14444,0.42
14455,0.24
14465,0.58
14469,0.3
14471,0.68
14475,0.28
14479,0.74
14480,0.6
14488,0.68
14491,0.28
14501,0.56
14520,0.28
14522,0.5
14523,0.56
14537,0.56
14538,0.44
14550,0.56
14561,0.42
14575,0.6
14586,0.66
14592,0.08
14601,0.72
14602,0.7
14604,0.46
14606,0.72
14627,0.38
14641,0.6
14652,0.46
14662,0.78
14665,0.6
14673,0.28
14675,0.38
14679,0.4
14683,0.56
14686,0.56
14705,0.1
14708,0.66
14709,0.34
14710,0.56
14715,0.58
14717,0.56
14723,0.74
14725,0.62
14727,0.78
14728,0.76
14735,0.58
14746,0.56
14752,0.46
14757,0.56
14762,0.68
14763,0.62
14797,0.68
14812,0.82
14818,0.54
14825,0.46
14827,0.52
14829,0.64
14830,0.44
14837,0.48
14849,0.78
14863,0.56
14869,0.46
14882,0.5
14884,0.56
14886,0.62
14888,0.42
14890,0.68
14904,0.88
14938,0.16
14952,0.66
14958,0.48
14963,0.76
14979,0.6
14980,0.66
14986,0.72
14988,0.32
15003,0.56
15006,0.14
15009,0.02
15015,0.68
15024,0.52
15030,0.4
15036,0.64
15038,0.72
15039,0.82
15047,0.2
15049,0.42
15056,0.18
15068,0.68
15070,0.76
15073,0.52
15081,0.66
15084,0.68
15088,0.02
15092,0.44
15095,0.58
15097,0.7
15098,0.5
15115,0.26
15120,0.64
15126,0.88
15133,0.5
15143,0.58
15156,0.64
15164,0.82
15178,0.5
15198,0.2
15200,0.02
15208,0.96
15214,0.56
15218,0.66
15231,0.56
15238,0.8
15239,0.66
15240,0.58
15249,0.62
15256,0.66
15260,0.22
15290,0.6
15307,0.06
15308,0.56
15321,0.06
15323,0.66
15325,0.6
15342,0.6
15346,0.5
15349,0.7
15354,0.66
15362,0.64
15379,0.74
15383,0.64
15394,0.88
15401,0.66
15405,0.74
15407,0.76
15412,0.52
15413,0.44
15415,0.44
15427,0.58
15430,0.34
15436,0.5
15439,0.34
15443,0.48
15444,0.46
15445,0.16
15450,0.56
15456,0.8
15465,0.4
15466,0.56
15470,0.34
15474,0.44
15476,0.44
15482,0.64
15492,0.86
15510,0.64
15519,0.42
15523,0.78
15535,0.48
15561,0.12
15564,0.5
15566,0.44
15579,0.68
15580,0.7
15581,0.58
15587,0.44
15589,0.72
15591,0.46
15597,0.68
15620,0.44
15627,0.68
15636,0.76
15653,0.4
15662,0.0
15664,0.54
15666,0.36
15667,0.64
15674,0.38
15692,0.44
15715,0.7
15736,0.58
15744,0.64
15746,0.68
15758,0.4
15760,0.74
15766,0.56
15767,0.54
15789,0.72
15810,0.44
15818,0.56
15820,0.68
15830,0.52
15844,0.56
15850,0.76
15857,0.68
15863,0.0
15869,0.64
15872,0.64
15873,0.72
15884,0.58
15885,0.64
15891,0.5
15898,0.7
15900,0.54
15932,0.48
15940,0.7
15944,0.36
15945,0.64
15963,0.52
15970,0.58
15977,0.56
15982,0.74
15985,0.4
15995,0.58
16004,0.38
16005,0.28
16011,0.68
16019,0.52
16021,0.56
16051,0.6
16065,0.6
16066,0.5
16076,0.22
16091,0.62
16094,0.64
16101,0.48
16104,0.8
16113,0.42
16114,0.54
16115,0.4
16127,0.56
16128,0.58
16138,0.4
16139,0.44
16142,0.68
16144,0.7
16148,0.12
16151,0.72
16156,0.74
16165,0.58
16166,0.64
16179,0.2
16193,0.62
16196,0.54
16198,0.54
16210,0.58
16232,0.74
16237,0.66
16240,0.68
16252,0.64
16259,0.78
16262,0.16
16263,0.56
16270,0.92
16272,0.5
16290,0.78
16295,0.32
16297,0.56
16299,0.72
16300,0.42
16302,0.66
16303,0.66
16305,0.52
16309,0.54
16312,0.62
16320,0.82
16326,0.6
16327,0.58
16338,0.52
16342,0.6
16346,0.62
16348,0.62
16355,0.28
16356,0.64
16378,0.5
16382,0.4
16391,0.72
16392,0.6
16395,0.66
16399,0.6
16403,0.62
16408,0.7
16413,0.46
16415,0.5
16417,0.54
16420,0.58
16431,0.82
16439,0.62
16444,0.32
16446,0.96
16451,0.66
16454,0.84
16461,0.1
16462,0.64
16469,0.58
16484,0.56
16486,0.6
16487,0.62
16491,0.62
16494,0.32
16507,0.58
16508,0.72
16519,0.74
16523,0.54
16526,0.56
16530,0.5
16532,0.54
16542,0.52
16550,0.7
16555,0.52
16558,0.52
16567,0.4
16576,0.48
16579,0.4
16595,0.42
16598,0.7
16600,0.72
16604,0.36
16605,0.18
16607,0.46
16610,0.44
16612,0.08
16617,0.56
16625,0.46
16632,0.22
16634,0.5
16650,0.66
16654,0.6
16655,0.7
16656,0.58
16657,0.74
16660,0.66
16662,0.32
16669,0.52
16675,0.46
16676,0.72
16678,0.8
16679,0.58
16693,0.52
16701,0.68
16715,0.64
16722,0.44
16724,0.48
16727,0.56
16735,0.6
16741,0.5
16752,0.76
16758,0.56
16765,0.74
16771,0.32
16785,0.9
16793,0.46
16800,0.46
16805,0.66
16809,0.72
16820,0.48
16827,0.6
16830,0.42
16843,0.0
16847,0.62
16855,0.66
16860,0.5
16862,0.26
16863,0.8
16872,0.72
16874,0.8
16876,0.52
16893,0.68
16895,0.22
16914,0.2
16917,0.74
16926,0.7
16930,0.52
16931,0.8
16932,0.68
16934,0.32
16937,0.64
16941,0.54
16942,0.04
16957,0.56
16962,0.58
16967,0.58
16968,0.3
16972,0.6
16974,0.52
16984,0.8
16987,0.68
16994,0.62
16995,0.52
16999,0.7
17034,0.36
17038,0.68
17040,0.76
17050,0.6
17068,0.82
17077,0.66
17079,0.5
17082,0.34
17085,0.34
17087,0.56
17099,0.48
17105,0.78
17108,0.78
17110,0.56
17111,0.78
17123,0.5
17124,0.76
17130,0.52
17138,0.62
17143,0.14
17157,0.5
17160,0.38
17166,0.7
17167,0.72
17179,0.58
17180,0.56
17189,0.62
17197,0.54
17219,0.38
17223,0.48
17225,0.64
17229,0.44
17234,0.62
17235,0.46
17239,0.44
17242,0.6
17243,0.64
17246,0.48
17247,0.8
17255,0.56
17258,0.2
17260,0.48
17264,0.54
17270,0.44
17271,0.44
17272,0.54
17285,0.52
17294,0.56
17297,0.56
17298,0.44
17299,0.64
17306,0.66
17324,0.72
17326,0.42
17330,0.36
17345,0.78
17351,0.6
17352,0.9
17372,0.34
17381,0.78
17385,0.7
17388,0.68
17390,0.66
17392,0.4
17399,0.62
17404,0.7
17407,0.72
17408,0.42
17416,0.22
17418,0.62
17434,0.3
17438,0.72
17443,0.28
17444,0.68
17453,0.42
17460,0.52
17467,0.52
17480,0.52
17488,0.38
17490,0.58
17493,0.5
17498,0.72
17503,0.56
17513,0.76
17520,0.46
17525,0.42
17534,0.76
17545,0.54
17553,0.56
17554,0.68
17557,0.5
17563,0.48
17576,0.44
17577,0.54
17580,0.34
17582,0.58
17596,0.76
17597,0.62
17602,0.26
17614,0.66
17623,0.62
17624,0.66
17627,0.6
17628,0.66
17630,0.48
17634,0.3
17640,0.66
17652,0.3
17657,0.68
17661,0.76
17662,0.66
17666,0.74
17682,0.32
17688,0.36
17693,0.52
17705,0.64
17711,0.5
17715,0.8
17717,0.58
17721,0.52
17728,0.8
17737,0.72
17745,0.5
17755,0.76
17764,0.62
17774,0.46
17785,0.76
17786,0.68
17789,0.74
17802,0.74
17810,0.7
17819,0.46
17825,0.44
17828,0.6
17833,0.7
17841,0.48
17842,0.48
17844,0.56
17849,0.62
17855,0.44
17857,0.06
17861,0.66
17863,0.42
17868,0.56
17876,0.58
17882,0.72
17885,0.64
17893,0.66
17894,0.74
17902,0.48
17906,0.86
17911,0.24
17917,0.4
17921,0.62
17941,0.48
17945,0.72
17949,0.38
17954,0.6
17957,0.6
17958,0.46
17960,0.64
17985,0.5
18000,0.72
18002,0.22
18008,0.86
18014,0.36
18015,0.08
18019,0.68
18021,0.68
18026,0.64
18029,0.66
18034,0.42
18035,0.62
18036,0.56
18039,0.36
18066,0.8
18076,0.42
18089,0.58
18104,0.44
18110,0.66
18129,0.66
18131,0.78
18133,0.82
18136,0.68
18148,0.34
18152,0.98
18167,0.58
18177,0.68
18178,0.54
18183,0.46
18194,0.68
18197,0.34
18213,0.78
18214,0.62
18221,0.76
18227,0.8
18239,0.16
18245,0.52
18266,0.56
18267,0.3
18274,0.9
18283,0.5
18297,0.8
18302,0.48
18303,0.28
18315,0.56
18324,0.66
18326,0.42
18334,0.7
18336,0.68
18344,0.84
18346,0.58
18347,0.58
18350,0.68
18352,0.72
18364,0.62
18366,0.56
18373,0.64
18391,0.58
18393,0.7
18395,0.74
18400,0.3
18408,0.6
18421,0.58
18425,0.62
18443,0.8
18451,0.82
18456,0.64
18458,0.3
18460,0.7
18467,0.24
18468,0.54
18475,0.68
18485,0.62
18494,0.36
18495,0.12
18508,0.68
18530,0.46
18533,0.66
18547,0.8
18548,0.7
18553,0.7
18561,0.72
18565,0.42
18572,0.64
18593,0.74
18600,0.48
18621,0.56
18629,0.26
18637,0.76
18649,0.68
18653,0.58
18660,0.88
18671,0.56
18672,0.84
18677,0.4
18681,0.06
18684,0.06
18686,0.5
18689,0.7
18690,0.9
18709,0.46
18716,0.26
18723,0.4
18773,0.54
18782,0.26
18797,0.36
18810,0.82
18817,0.34
18820,0.18
18825,0.54
18837,0.5
18850,0.48
18857,0.46
18861,0.58
18867,0.72
18870,0.7
18877,0.32
18887,0.68
18898,0.68
18900,0.58
18914,0.7
18921,0.52
18922,0.28
18945,0.38
18947,0.6
18953,0.7
18954,0.7
18957,0.52
18960,0.78
18973,0.78
18983,0.4
18990,0.72
18991,0.78
18993,0.8
18995,0.52
18996,0.54
19003,0.64
19014,0.64
19015,0.62
19019,0.72
19028,0.32
19038,0.26
19040,0.48
19046,0.72
19051,0.76
19054,0.16
19056,0.66
19074,0.62
19085,0.48
19099,0.1
19124,0.36
19134,0.74
19141,0.8
19146,0.68
19150,0.68
19170,0.84
19176,0.72
19187,0.52
19189,0.7
19202,0.52
19208,0.64
19209,0.66
19210,0.5
19216,0.58
19217,0.6
19218,0.22
19223,0.7
19240,0.46
19246,0.36
19269,0.54
19275,0.42
19287,0.66
19298,0.62
19303,0.68
19313,0.62
19325,0.74
19326,0.68
19328,0.32
19330,0.56
19340,0.72
19342,0.4
19343,0.74
19344,0.56
19363,0.64
19364,0.58
19371,0.7
19376,0.36
19377,0.6
19381,0.52
19384,0.54
19390,0.64
19402,0.64
19405,0.68
19409,0.52
19418,0.6
19429,0.24
19446,0.72
19458,0.76
19460,0.7
19462,0.52
19465,0.64
19472,0.46
19480,0.56
19503,0.72
19507,0.64
19517,0.72
19533,0.4
19537,0.78
19541,0.66
19563,0.6
19566,0.24
19568,0.38
19576,0.42
19591,0.5
19597,0.36
19619,0.54
19622,0.2
19623,0.76
19624,0.72
19627,0.76
19629,0.46
19633,0.4
19639,0.82
19641,0.6
19643,0.6
19649,0.62
19652,0.3
19657,0.74
19660,0.3
19668,0.12
19678,0.56
19686,0.54
19690,0.74
19694,0.52
19695,0.62
19702,0.52
19712,0.26
19720,0.36
19735,0.68
19739,0.56
19740,0.56
19743,0.68
19750,0.76
19752,0.48
19754,0.4
19762,0.3
19770,0.6
19775,0.54
19777,0.44
19782,0.52
19783,0.44
19786,0.34
19805,0.58
19808,0.62
19819,0.56
19821,0.68
19827,0.46
19830,0.48
19832,0.56
19833,0.46
19834,0.76
19843,0.62
19844,0.88
19846,0.68
19847,0.44
19850,0.34
19851,0.68
19861,0.26
19873,0.3
19878,0.64
19886,0.72
19892,0.76
19901,0.66
19902,0.42
19920,0.34
19921,0.38
19922,0.64
19929,0.26
19932,0.3
19935,0.68
19936,0.7
19946,0.12
19950,0.46
19952,0.62
19955,0.58
19976,0.5
19983,0.62
19987,0.8
19991,0.12
19996,0.6
20007,0.54
20015,0.46
20019,0.84
20023,0.36
20034,0.62
20036,0.56
20038,0.48
20039,0.64
20040,0.7
20045,0.2
20046,0.56
20048,0.48
20060,0.42
20068,0.74
20074,0.18
20111,0.62
20117,0.9
20125,0.7
20129,0.52
20134,0.62
20135,0.82
20139,0.32
20142,0.52
20147,0.68
20154,0.12
20157,0.7
20169,0.78
20179,0.74
20202,0.48
20207,0.44
20215,0.5
20216,0.02
20217,0.3
20218,0.44
20219,0.56
20226,0.74
20236,0.76
20239,0.76
20246,0.64
20247,0.46
20253,0.52
20255,0.92
20268,0.68
20270,0.44
20271,0.74
20279,0.7
20282,0.48
20295,0.5
20302,0.54
20305,0.54
20306,0.38
20308,0.6
20330,0.52
20335,0.22
20344,0.5
20349,0.26
20360,0.82
20362,0.68
20378,0.46
20394,0.72
20397,0.38
20403,0.62
20405,0.6
20415,0.7
20417,0.72
20420,0.56
20425,0.42
20430,0.5
20435,0.42
20443,0.72
20446,0.14
20458,0.7
20459,0.54
20467,0.52
20470,0.38
20482,0.28
20489,0.64
20495,0.78
20496,0.72
20497,0.52
20505,0.48
20509,0.0
20535,0.44
20539,0.52
20544,0.4
20547,0.58
20556,0.8
20557,0.68
20575,0.44
20577,0.62
20596,0.54
20597,0.42
20602,0.56
20603,0.64
20609,0.38
20618,0.54
20621,0.5
20628,0.66
20634,0.12
20637,0.38
20641,0.9
20642,0.46
20647,0.74
20655,0.5
20656,0.74
20661,0.76
20664,0.32
20674,0.24
20679,0.5
20680,0.56
20683,0.02
20687,0.74
20688,0.1
20695,0.76
20696,0.58
20699,0.7
20701,0.64
20702,0.76
20704,0.68
20721,0.48
20725,0.72
20731,0.46
20741,0.3
20742,0.7
20753,0.62
20756,0.72
20769,0.86
20771,0.66
20774,0.62
20777,0.5
20781,0.5
20797,0.5
20808,0.68
20810,0.7
20820,1.0
20823,0.16
20829,0.1
20832,0.62
20833,0.66
20837,0.68
20838,0.44
20839,0.56
20847,0.74
20861,0.68
20869,0.02
20875,0.78
20877,0.34
20889,0.82
20894,0.36
20901,0.58
20919,0.48
20923,0.7
20935,0.74
20937,0.74
20939,0.1
20940,0.56
20943,0.7
20946,0.74
20950,0.36
20961,0.08
20965,0.54
20967,0.26
20969,0.58
20970,0.56
20975,0.52
20987,0.46
20995,0.46
20998,0.48
21002,0.8
21012,0.24
21013,0.3
21015,0.66
21017,0.72
21020,0.82
21028,0.68
21031,0.58
21036,0.8
21040,0.74
21048,0.52
21049,0.78
21051,0.86
21070,0.86
21072,0.32
21079,0.42
21090,0.68
21093,0.46
21104,0.86
21114,0.72
21117,0.58
21120,0.62
21121,0.46
21132,0.84
21136,0.46
21139,0.66
21140,0.46
21146,0.48
21150,0.76
21178,0.2
21180,0.3
21198,0.66
21203,0.78
21210,0.62
21218,0.62
21220,0.7
21222,0.8
21228,0.28
21236,0.58
21239,0.62
21260,0.68
21267,0.6
21271,0.68
21279,0.34
21286,0.76
21288,0.44
21294,0.38
21298,0.76
21299,0.42
21300,0.7
21304,0.62
21307,0.62
21309,0.8
21311,0.7
21331,0.58
21332,0.26
21342,0.58
21345,0.66
21348,0.5
21353,0.62
21357,0.5
21369,0.56
21370,0.52
21371,0.52
21373,0.76
21385,0.7
21392,0.34
21401,0.5
21403,0.8
21406,0.32
21413,0.22
21414,0.2
21416,0.2
21423,0.42
21442,0.32
21443,0.5
21448,0.62
21459,0.68
21467,0.56
21474,0.48
21484,0.18
21488,0.64
21495,0.72
21498,0.56
21502,0.5
21503,0.72
21510,0.74
21516,0.34
21533,0.52
21535,0.56
21539,0.4
21541,0.62
21544,0.8
21554,0.64
21569,0.6
21572,0.56
21578,0.62
21580,0.54
21584,0.56
21589,0.56
21595,0.7
21598,0.74
21599,0.48
21606,0.72
21623,0.54
21639,0.66
21641,0.72
21645,0.82
21647,0.64
21648,0.76
21657,0.54
21671,0.68
21673,0.68
21678,0.72
21696,0.6
21699,0.52
21700,0.7
21703,0.4
21710,0.6
21721,0.76
21727,0.54
21728,0.44
21731,0.46
21741,0.54
21744,0.62
21748,0.72
21753,0.72
21756,0.3
21763,0.58
21767,0.48
21772,0.44
21774,0.42
21775,0.66
21780,0.7
21787,0.54
21805,0.44
21828,0.7
21831,0.56
21837,0.74
21842,0.58
21849,0.62
21856,0.66
21858,0.66
21862,0.66
21864,0.8
21867,0.62
21879,0.66
21881,0.42
21883,0.52
21891,0.64
21892,0.58
21902,0.68
21909,0.84
21914,0.48
21918,0.72
21919,0.76
21926,0.26
21930,0.68
21934,0.48
21940,0.66
21945,0.38
21948,0.42
21953,0.58
21954,0.7
21956,0.56
21963,0.46
21970,0.58
21984,0.7
21997,0.72
21999,0.66
22001,0.5
22002,0.84
22010,0.84
22013,0.72
22022,0.82
22024,0.8
22028,0.66
22029,0.46
22045,0.52
22049,0.68
22064,0.6
22069,0.44
22074,0.74
22082,0.66
22084,0.68
22090,0.42
22096,0.58
22100,0.72
22105,0.82
22119,0.42
22130,0.68
22152,0.72
22155,0.76
22164,0.58
22173,0.58
22194,0.68
22209,0.68
22217,0.84
22220,0.6
22222,0.34
22244,0.72
22245,0.78
22250,0.54
22256,0.22
22261,0.3
22264,0.6
22270,0.68
22279,0.54
22280,0.8
22284,0.78
22288,0.52
22293,0.56
22297,0.04
22307,0.64
22310,0.74
22319,0.56
22324,0.76
22326,0.72
22327,0.68
22329,0.58
22331,0.32
22340,0.5
22342,0.68
22347,0.6
22351,0.62
22357,0.48
22361,0.52
22371,0.72
22373,0.56
22391,0.48
22404,0.52
22409,0.48
22411,0.64
22428,0.54
22436,0.64
22444,0.54
22445,0.58
22451,0.78
22463,0.7
22464,0.7
22467,0.46
22472,0.78
22485,0.48
22497,0.52
22504,0.26
22508,0.62
22516,0.62
22522,0.56
22527,0.34
22543,0.4
22549,0.82
22551,0.54
22557,0.82
22562,0.76
22567,0.56
22572,0.48
22575,0.64
22578,0.56
22579,0.62
22580,0.54
22581,0.72
22591,0.56
22593,0.62
22597,0.84
22600,0.6
22602,0.48
22603,0.58
22616,0.58
22617,0.88
22622,0.96
22623,0.68
22624,0.54
22628,0.58
22640,0.78
22641,0.52
22653,0.6
22660,0.66
22672,0.72
22674,0.56
22689,0.58
22698,0.62
22705,0.5
22709,0.12
22711,0.78
22714,0.5
22715,0.6
22729,0.4
22730,0.54
22733,0.6
22750,0.78
22754,0.64
22756,0.7
22758,0.6
22767,0.48
22768,0.9
22769,0.7
22776,0.58
22778,0.56
22780,0.6
22789,0.72
22797,0.66
22799,0.52
22814,0.86
22818,0.54
22821,0.68
22823,0.66
22841,0.74
22847,0.36
22848,0.54
22862,0.82
22875,0.42
22877,0.52
22887,0.52
22892,0.62
22899,0.62
22901,0.66
22907,0.5
22909,0.86
22926,0.66
22927,0.68
22930,0.66
22934,0.52
22937,0.38
22939,0.8
22949,0.62
22951,0.3
22955,0.68
22965,0.02
22966,0.72
22968,0.16
22972,0.78
22975,0.68
22981,0.42
22988,0.9
22994,0.76
22996,0.52
23011,0.4
23028,0.4
23031,0.54
23035,0.86
23038,0.72
23042,0.62
23049,0.46
23051,0.0
23053,0.66
23057,0.6
23058,0.44
23063,0.54
23064,0.7
23067,0.56
23071,0.7
23075,0.84
23077,0.84
23090,0.8
23094,0.12
23097,0.5
23103,0.56
23107,0.88
23117,0.7
23122,0.74
23124,0.74
23126,0.52
23129,0.8
23136,0.94
23141,0.74
23142,0.66
23147,0.84
23154,0.46
23159,0.54
23165,0.78
23171,0.24
23173,0.98
23175,0.54
23179,0.14
23182,0.2
23185,0.18
23188,0.54
23189,0.42
23209,0.74
23214,0.76
23215,0.54
23233,0.5
23241,0.5
23252,0.62
23255,0.46
23263,0.64
23281,0.68
23282,0.6
23289,0.6
23292,0.62
23296,0.7
23297,0.56
23301,0.54
23302,0.96
23304,0.64
23309,0.68
23312,0.52
23316,0.48
23321,0.54
23342,0.94
23344,0.76
23350,0.66
23367,0.56
23368,0.72
23374,0.74
23387,0.66
23389,0.24
23399,0.62
23403,0.72
23406,0.32
23414,0.5
23415,0.7
23419,0.2
23436,0.72
23439,0.1
23444,0.26
23445,0.58
23455,0.54
23469,0.76
23472,0.8
23477,0.46
23478,0.58
23479,0.7
23487,0.52
23490,0.54
23491,0.68
23492,0.62
23494,0.46
23496,0.38
23497,0.8
23506,0.48
23515,0.64
23528,0.68
23532,0.5
23549,0.82
23551,0.62
23552,0.76
23555,0.6
23556,0.66
23564,0.26
23583,0.7
23592,0.36
23597,0.06
23601,0.96
23605,0.3
23615,0.68
23619,0.36
23621,0.04
23626,0.28
23635,0.3
23637,0.5
23640,0.76
23646,0.62
23655,0.56
23672,0.7
23673,0.54
23682,0.72
23683,0.44
23699,0.46
23704,0.5
23707,0.02
23713,0.72
23714,0.54
23716,0.6
23718,0.46
23721,0.52
23735,0.74
23737,0.6
23744,0.62
23749,0.36
23755,0.48
23769,0.32
23772,0.46
23773,0.64
23774,0.42
23779,0.66
23782,0.3
23793,0.64
23803,0.08
23828,0.62
23833,0.5
23834,0.56
23844,0.74
23845,0.22
23852,0.62
23855,0.06
23867,0.58
23872,0.72
23874,0.82
23880,0.7
23886,0.76
23898,0.76
23900,0.8
23903,0.84
23907,0.52
23908,0.44
23912,0.72
23916,0.5
23917,0.4
23918,0.72
23922,0.76
23928,0.8
23940,0.42
23944,0.78
23945,0.5
23951,0.72
23966,0.8
23970,0.74
23971,0.68
23976,0.66
23980,0.78
23987,0.04
23988,0.74
23993,0.54
23997,0.54
23998,0.68
23999,0.06
24010,0.58
24015,0.32
24023,0.72
24033,0.64
24046,0.22
24060,0.36
24062,0.64
24065,0.56
24070,0.68
24071,0.9
24073,0.5
24079,0.48
24082,0.0
24084,0.62
24089,0.4
24094,0.66
24100,0.72
24105,0.68
24106,0.86
24108,0.6
24111,0.0
24120,0.6
24125,0.68
24134,0.16
24140,0.52
24151,0.52
24153,0.66
24154,0.22
24161,0.6
24166,0.66
24170,0.6
24176,0.64
24182,0.08
24188,0.44
24190,0.72
24201,0.02
24211,0.68
24215,0.3
24216,0.02
24219,0.7
24222,0.78
24240,0.06
24243,0.66
24245,0.78
24251,0.74
24256,0.0
24258,0.8
24261,0.62
24263,0.74
24264,0.68
24266,0.72
24273,0.64
24278,0.56
24289,0.06
24292,0.54
24293,0.58
24298,0.08
24299,0.66
24303,0.4
24304,0.7
24305,0.68
24329,0.78
24341,0.6
24345,0.28
24353,0.38
24358,0.1
24364,0.44
24367,0.5
24370,0.36
24377,0.56
24380,0.76
24381,0.42
24387,0.66
24391,0.64
24409,0.02
24413,0.5
24416,0.74
24427,0.34
24439,0.9
24443,0.58
24448,0.8
24454,0.02
24455,0.56
24461,0.74
24464,0.54
24468,0.66
24469,0.46
24501,0.62
24508,0.58
24519,0.76
24520,0.0
24538,0.5
24540,0.22
24550,0.46
24552,0.6
24561,0.58
24577,0.44
24579,0.44
24580,0.44
24582,0.48
24591,0.64
24592,0.72
24599,0.74
24602,0.82
24606,0.62
24617,0.7
24619,0.48
24630,0.86
24633,0.16
24634,0.58
24638,0.58
24641,0.62
24644,0.34
24645,0.02
24656,0.56
24661,0.48
24663,0.16
24667,0.56
24669,0.66
24682,0.62
24698,0.7
24699,0.08
24702,0.38
24703,0.28
24717,0.74
24724,0.02
24731,0.62
24737,0.78
24740,0.44
24743,0.84
24744,0.0
24755,0.66
24757,0.66
24765,0.16
24766,0.56
24776,0.14
24787,0.04
24789,0.68
24791,0.72
24792,0.44
24804,0.88
24812,0.62
24816,0.46
24817,0.44
24820,0.54
24828,0.44
24832,0.64
24836,0.28
24842,0.28
24846,0.46
24847,0.54
24848,0.1
24851,0.18
24855,0.26
24856,0.32
24871,0.1
24874,0.44
24877,0.5
24889,0.52
24897,0.62
24899,0.34
24908,0.64
24913,0.56
24923,0.4
24933,0.42
24971,0.48
24973,0.06
24993,0.16
24998,0.2
25000,0.02
25001,0.04
25002,0.72
25003,0.04
25009,0.72
25024,0.8
25026,0.52
25027,0.14
25034,0.68
25050,0.72
25057,0.76
25067,0.6
25075,0.78
25081,0.7
25085,0.28
25093,0.56
25097,0.66
25103,0.56
25104,0.2
25109,0.54
25112,0.48
25113,0.64
25114,0.6
25119,0.6
25121,0.5
25122,0.34
25124,0.52
25131,0.46
25134,0.84
25144,0.52
25147,0.54
25148,0.3
25149,0.58
25155,0.34
25169,0.34
25177,0.48
25178,0.52
25179,0.64
25180,0.5
25191,0.4
25199,0.64
25232,0.42
25241,0.5
25242,0.56
25243,0.64
25246,0.58
25259,0.36
25265,0.6
25278,0.48
25280,0.54
25284,0.52
25286,0.45
25288,0.48
25318,0.0
25330,0.16
25333,0.54
25339,0.56
25340,0.34
25346,0.56
25349,0.58
25351,0.64
25361,0.5
25366,0.7
25368,0.0
25369,0.62
25370,0.52
25375,0.84
25376,0.2
25377,0.66
25379,0.54
25382,0.32
25386,0.44
25389,0.18
25399,0.68
25400,0.06
25401,0.58
25407,0.78
25409,0.72
25412,0.34
25416,0.62
25418,0.4
25423,0.68
25436,0.72
25439,0.68
25442,0.4
25445,0.06
25446,0.46
25453,0.5
25456,0.64
25458,0.8
25460,0.42
25461,0.66
25468,0.66
25470,0.7
25471,0.56
25482,0.64
25501,0.0
25504,0.6
25515,0.66
25518,0.66
25528,0.58
25533,0.6
25543,0.6
25548,0.74
25564,0.48
25572,0.18
25576,0.84
25577,0.52
25587,0.72
25591,0.42
25596,0.56
25598,0.36
25617,0.78
25618,0.04
25620,0.66
25623,0.64
25626,0.68
25628,0.74
25633,0.26
25637,0.54
25644,0.46
25662,0.6
25663,0.54
25673,0.68
25678,0.7
25685,0.62
25691,0.52
25706,0.58
25707,0.64
25723,0.44
25725,0.54
25735,0.46
25740,0.6
25759,0.68
25761,0.66
25769,0.8
25774,0.78
25779,0.7
25781,0.52
25784,0.02
25790,0.14
25796,0.5
25816,0.68
25847,0.38
25850,0.48
25852,0.62
25856,0.74
25866,0.5
25867,0.56
25868,0.54
25869,0.54
25877,0.28
25878,0.66
25890,0.62
25898,0.04
25899,0.48
25906,0.0
25907,0.14
25915,0.04
25932,0.4
25939,0.74
25946,0.54
25951,0.34
25959,0.12
25961,0.64
25964,0.66
25969,0.64
25980,0.78
25986,0.5
25992,0.76
25998,0.74
26000,0.88
26006,0.62
26009,0.6
26016,0.4
26023,0.02
26038,0.16
26041,0.66
26050,0.52
26051,0.02
26057,0.56
26060,0.86
26062,0.4
26067,0.02
26068,0.44
26072,0.68
26074,0.68
26075,0.7
26081,0.68
26108,0.52
26112,0.04
26113,0.76
26115,0.34
26122,0.54
26139,0.74
26162,0.44
26165,0.44
26173,0.62
26177,0.62
26179,0.6
26184,0.92
26190,0.76
26204,0.52
26205,0.98
26212,0.48
26215,0.58
26227,0.2
26232,0.26
26237,0.1
26246,0.72
26248,0.66
26249,0.46
26260,0.74
26263,0.56
26267,0.3
26269,0.44
26271,0.38
26273,0.58
26286,0.54
26297,0.74
26309,0.5
26313,0.54
26319,0.58
26329,0.54
26330,0.86
26333,0.74
26361,0.14
26366,0.4
26376,0.04
26378,0.5
26382,0.64
26389,0.52
26391,0.34
26401,0.52
26415,0.66
26419,0.4
26421,0.08
26422,0.76
26423,0.44
26424,0.5
26441,0.44
26442,0.54
26446,0.42
26447,0.72
26448,0.62
26451,0.4
26459,0.76
26465,0.56
26476,0.74
26481,0.52
26487,0.3
26501,0.44
26513,0.14
26517,0.58
26527,0.64
26534,0.04
26535,0.18
26545,0.62
26550,0.64
26558,0.4
26571,0.36
26573,0.7
26575,0.74
26578,0.92
26583,0.24
26590,0.72
26593,0.6
26602,0.44
26606,0.46
26613,0.46
26615,0.68
26618,0.74
26628,0.12
26630,0.58
26635,0.32
26645,0.66
26648,0.76
26651,0.68
26660,0.56
26663,0.64
26664,0.42
26665,0.62
26673,0.62
26675,0.54
26676,0.54
26677,0.62
26679,0.62
26687,0.62
26689,0.5
26697,0.6
26737,0.36
26747,0.12
26748,0.64
26749,0.64
26754,0.04
26759,0.48
26760,0.72
26765,0.58
26769,0.76
26771,0.6
26776,0.58
26778,0.42
26780,0.34
26783,0.68
26785,0.42
26800,0.72
26804,0.54
26812,0.68
26816,0.6
26823,0.24
26834,0.34
26836,0.66
26841,0.7
26845,0.48
26849,0.6
26854,0.54
26858,0.68
26860,0.68
26866,0.72
26871,0.7
26873,0.6
26905,0.6
26907,0.54
26920,0.4
26924,0.68
26930,0.72
26942,0.7
26944,0.32
26949,0.7
26952,0.02
26956,0.52
26973,0.54
26977,0.58
26993,0.5
26997,0.44
26999,0.46
27021,0.56
27023,0.48
27025,0.96
27027,0.44
27032,0.62
27034,0.62
27036,0.58
27045,0.56
27050,0.38
27051,0.86
27055,0.4
27056,0.34
27060,0.56
27061,0.74
27066,0.44
27070,0.7
27073,0.78
27077,0.74
27085,0.3
27086,0.48
27099,0.38
27105,0.44
27109,0.52
27125,0.54
27135,0.52
27139,0.56
27140,0.06
27141,0.76
27142,0.74
27144,0.6
27148,0.64
27154,0.5
27162,0.42
27175,0.6
27176,0.44
27178,0.6
27197,0.38
27204,0.42
27205,0.32
27206,0.5
27207,0.56
27216,0.42
27230,0.72
27234,0.66
27241,0.66
27249,0.0
27251,0.84
27252,0.32
27256,0.16
27257,0.62
27263,0.34
27268,0.44
27269,0.42
27276,0.7
27279,0.28
27288,0.24
27295,0.74
27299,0.66
27302,0.24
27304,0.52
27316,0.66
27318,0.76
27330,0.56
27333,0.66
27335,0.56
27339,0.58
27341,0.16
27342,0.76
27345,0.7
27347,0.64
27354,0.42
27361,0.72
27375,0.28
27387,0.2
27390,0.4
27392,0.0
27399,0.7
27403,0.8
27410,0.5
27423,0.7
27429,0.68
27432,0.5
27436,0.54
27437,0.56
27441,0.3
27444,0.54
27445,0.7
27448,0.32
27454,0.48
27459,0.66
27465,0.68
27478,0.08
27479,0.54
27481,0.2
27483,0.46
27486,0.62
27498,0.64
27505,0.42
27507,0.62
27509,0.68
27514,0.74
27527,0.54
27535,0.58
27544,0.6
27545,0.64
27556,0.74
27563,0.64
27569,0.52
27585,0.5
27589,0.72
27605,0.74
27608,0.22
27609,0.5
27611,0.56
27621,0.56
27626,0.86
27629,0.7
27645,0.18
27651,0.84
27654,0.42
27656,0.4
27663,0.84
27673,0.64
27677,0.74
27678,0.78
27680,0.84
27681,0.46
27684,0.76
27688,0.64
27706,0.86
27709,0.48
27720,0.6
27722,0.7
27733,0.78
27734,0.58
27739,0.48
27746,0.44
27751,0.04
27755,0.7
27777,0.5
27783,0.84
27795,0.4
27805,0.78
27811,0.48
27815,0.54
27823,0.7
27856,0.56
27873,0.36
27883,0.68
27885,0.66
27887,0.22
27899,0.38
27921,0.66
27924,0.38
27927,0.6
27929,0.66
27932,0.52
27943,0.2
27945,0.08
27952,0.62
27957,0.5
27960,0.54
27966,0.72
27968,0.34
27980,0.42
27984,0.76
27994,0.52
27995,0.32
28002,0.36
28004,0.8
28006,0.56
28028,0.58
28042,0.82
28043,0.7
28055,0.44
28061,0.1
28063,0.54
28077,0.64
28090,0.08
28093,0.76
28095,0.54
28096,0.62
28098,0.16
28099,0.48
28111,0.36
28115,0.82
28123,0.66
28125,0.52
28126,0.32
28129,0.08
28131,0.56
28139,0.52
28146,0.5
28153,0.48
28155,0.7
28160,0.52
28166,0.7
28167,0.32
28176,0.46
28185,0.62
28187,0.62
28195,0.6
28203,0.72
28206,0.66
28209,0.46
28210,0.72
28211,0.4
28216,0.54
28234,0.5
28235,0.34
28248,0.64
28255,0.8
28266,0.66
28277,0.78
28286,0.62
28288,0.6
28289,0.66
28290,0.72
28296,0.76
28300,0.48
28306,0.4
28307,0.28
28309,0.6
28327,0.52
28336,0.78
28345,0.6
28355,0.58
28361,0.64
28362,0.76
28374,0.62
28380,0.58
28381,0.62
28393,0.64
28394,0.64
28405,0.6
28413,0.8
28426,0.44
28428,0.62
28429,0.6
28442,0.66
28445,0.7
28457,0.24
28459,0.46
28462,0.38
28478,0.44
28490,0.56
28492,0.7
28499,0.72
28500,0.46
28506,0.84
28509,0.54
28513,0.62
28516,0.66
28519,0.0
28526,0.6
28527,0.6
28528,0.64
28533,0.64
28547,0.46
28551,0.6
28563,0.4
28566,0.54
28568,0.6
28580,0.56
28589,0.54
28590,0.64
28606,0.24
28613,0.52
28615,0.78
28619,0.94
28629,0.64
28633,0.7
28635,0.64
28646,0.34
28648,0.42
28651,0.6
28660,0.74
28681,0.56
28693,0.72
28696,0.58
28703,0.66
28709,0.66
28712,0.48
28718,0.38
28719,0.48
28727,0.7
28730,0.48
28732,0.22
28740,0.58
28747,0.58
28752,0.42
28757,0.38
28764,0.32
28765,0.56
28770,0.56
28772,0.38
28783,0.58
28786,0.68
28796,0.52
28799,0.76
28806,0.78
28807,0.76
28815,0.58
28818,0.74
28823,0.56
28824,0.62
28831,0.02
28834,0.7
28841,0.5
28848,0.28
28882,0.72
28884,0.56
28904,0.6
28907,0.5
28919,0.62
28920,0.58
28928,0.74
28935,0.8
28936,0.68
28945,0.56
28950,0.2
28957,0.24
28963,0.86
28974,0.72
28980,0.5
28988,0.64
28999,0.48
29001,0.46
29004,0.66
29006,0.56
29012,0.5
29018,0.6
29027,0.82
29030,0.78
29032,0.72
29039,0.5
29043,0.18
29056,0.7
29064,0.1
29068,0.64
29069,0.72
29074,0.52
29076,0.72
29085,0.54
29088,0.72
29091,0.48
29092,0.52
29093,0.6
29094,0.74
29108,0.56
29114,0.32
29115,0.48
29118,0.54
29125,0.68
29127,0.12
29150,0.62
29152,0.48
29155,0.56
29165,0.52
29167,0.24
29174,0.52
29180,0.4
29185,0.68
29190,0.62
29192,0.0
29194,0.78
29220,0.7
29231,0.4
29237,0.5
29240,0.56
29247,0.54
29256,0.72
29275,0.52
29278,0.32
29280,0.54
29286,0.7
29288,0.48
29305,0.44
29327,0.34
29329,0.56
29333,0.56
29335,0.42
29342,0.08
29344,0.8
29353,0.68
29358,0.82
29373,0.8
29392,0.3
29393,0.42
29395,0.14
29403,0.64
29405,0.56
29410,0.32
29423,0.68
29427,0.52
29429,0.68
29432,0.64
29440,0.18
29447,0.64
29448,0.86
29452,0.6
29455,0.64
29461,0.4
29466,0.66
29474,0.72
29476,0.8
29486,0.46
29494,0.72
29497,0.58
29505,0.52
29511,0.66
29516,0.38
29522,0.34
29523,0.62
29524,0.38
29529,0.62
29533,0.56
29535,0.64
29548,0.7
29551,0.66
29563,0.84
29574,0.6
29575,0.66
29592,0.56
29599,0.66
29608,0.58
29613,0.4
29620,0.8
29630,0.32
29637,0.7
29638,0.38
29643,0.62
29648,0.78
29657,0.62
29659,0.82
29662,0.58
29665,0.74
29699,0.52
29706,0.16
29715,0.34
29716,0.56
29717,0.28
29721,0.38
29731,0.44
29735,0.58
29739,0.66
29742,0.46
29747,0.12
29749,0.6
29754,0.18
29773,0.5
29777,0.42
29779,0.64
29783,0.7
29786,0.68
29805,0.32
29811,0.64
29812,0.66
29815,0.78
29819,0.82
29833,0.54
29847,0.42
29854,0.62
29856,0.66
29859,0.6
29864,0.6
29865,0.56
29867,0.92
29885,0.34
29894,0.44
29900,0.24
29910,0.32
29928,0.52
29942,0.8
29951,0.58
29953,0.48
29962,0.56
29968,0.72
29974,0.62
29980,0.78
29987,0.76
29993,0.88
30001,0.42
30005,0.58
30015,0.78
30034,0.84
30041,0.72
30044,0.62
30058,0.68
30061,0.46
30064,0.64
30065,0.72
30069,0.94
30074,0.52
30076,0.68
30080,0.54
30086,0.52
30087,0.5
30092,0.68
30093,0.78
30096,0.5
30097,0.68
30098,0.5
30102,0.78
30106,0.68
30110,0.66
30111,0.2
30122,0.66
30128,0.52
30130,0.54
30131,0.72
30132,0.7
30135,0.58
30137,0.02
30157,0.74
30158,0.6
30162,0.74
30170,0.5
30174,0.44
30195,0.72
30196,0.54
30204,0.56
30207,0.0
30209,0.32
30212,0.68
30221,0.68
30225,0.52
30229,0.68
30231,0.42
30233,0.76
30237,0.42
30239,0.26
30242,0.6
30244,0.66
30249,0.4
30262,0.76
30286,0.6
30292,0.6
30303,0.7
30320,0.66
30322,0.68
30355,0.52
30356,0.48
30372,0.62
30375,0.68
30379,0.44
30384,0.58
30386,0.34
30394,0.64
30395,0.54
30396,0.66
30397,0.66
30402,0.6
30413,0.8
30416,0.68
30420,0.62
30422,0.68
30432,0.94
30434,0.6
30438,0.6
30444,0.8
30446,0.22
30455,0.54
30457,0.68
30459,0.46
30463,0.26
30468,0.58
30477,0.78
30478,0.5
30481,0.5
30482,0.68
30487,0.54
30491,0.6
30496,0.12
30501,0.64
30506,0.5
30511,0.42
30513,0.48
30516,0.54
30520,0.64
30531,0.46
30542,0.02
30555,0.5
30557,0.38
30568,0.7
30570,0.18
30584,0.58
30594,0.26
30614,0.74
30617,0.6
30618,0.7
30631,0.66
30632,0.7
30634,0.8
30636,0.52
30637,0.38
30639,0.64
30647,0.48
30649,0.4
30656,0.58
30660,0.7
30665,0.68
30669,0.66
30681,0.54
30683,0.92
30687,0.66
30694,0.44
